<?xml version="1.0" encoding="UTF-8"?>
<model xmlns="http://www.alfresco.org/model/dictionary/1.0" name="de:DemoEditor">
    <description>Metadata schema for DemoEditor documents</description>
    <author>DemoEditor</author>
    <imports>
        <import uri="http://www.alfresco.org/model/content/1.0" prefix="cm"/>
        <import uri="http://www.alfresco.org/model/dictionary/1.0" prefix="d"/>
    </imports>
    <namespaces>
        <namespace uri="http://demoeditor.org/docs/1.0" prefix="de"/>
    </namespaces>
    <data-types/>
    <constraints/>
    <types>
    </types>
    <aspects>
        <aspect name="de:AuthorContract">
            <title>DemoEditor Author Contract</title>
            <description>Metadata schema used by DemoEditor for its authoring contracts</description>
            <properties>
                <property name="de:authorId">
                    <title>Author internal identifier</title>
                    <type>d:text</type>
                    <mandatory>true</mandatory>
                    <index enabled="true">
                        <tokenised>FALSE</tokenised>
                        <facetable>false</facetable>
                    </index>
                </property>
                <property name="de:authorName">
                    <title>Author full name</title>
                    <type>d:text</type>
                    <mandatory>false</mandatory>
                    <index enabled="true">
                        <tokenised>TRUE</tokenised>
                        <facetable>false</facetable>
                    </index>
                </property>
                <property name="de:bookId">
                    <title>Book internal identifier</title>
                    <type>d:text</type>
                    <mandatory>true</mandatory>
                    <index enabled="true">
                        <tokenised>FALSE</tokenised>
                        <facetable>false</facetable>
                    </index>
                </property>
                <property name="de:bookTitle">
                    <title>Book title</title>
                    <type>d:text</type>
                    <mandatory>true</mandatory>
                    <index enabled="true">
                        <tokenised>TRUE</tokenised>
                        <facetable>false</facetable>
                    </index>
                </property>
                <property name="de:contractId">
                    <title>Contract internal identifier</title>
                    <type>d:text</type>
                    <mandatory>true</mandatory>
                    <index enabled="true">
                        <tokenised>FALSE</tokenised>
                        <facetable>false</facetable>
                    </index>
                </property>
                <property name="de:contractType">
                    <title>Contract type</title>
                    <type>d:text</type>
                    <mandatory>true</mandatory>
                    <index enabled="true">
                        <tokenised>FALSE</tokenised>
                        <facetable>true</facetable>
                    </index>
                </property>
                <property name="de:signingData">
                    <title>Contract date of signature</title>
                    <type>d:datetime</type>
                    <mandatory>false</mandatory>
                    <index enabled="true">
                        <tokenised>FALSE</tokenised>
                        <facetable>true</facetable>
                    </index>
                </property>
            </properties>
            <associations/>
            <overrides/>
            <mandatory-aspects/>
        </aspect>
    </aspects>
</model>